sizeRow,sizeColumn,0,1,2,3,4
5.0,5.0,0.0,5.0,0.0,0.0,0.0
,,0.0,3.3210678118654755,0.0,0.0,0.0
,,0.0,3.3333333333333335,5.0,4.666666666666667,4.0
,,0.0,0.0,0.0,0.0,0.0
,,0.0,0.0,0.0,0.0,0.0
